Player,Date,Opponent,Event,Result,Clinch_Strikes_Landed,Clinch_Strikes_Attempted,Clinch_Accuracy,Clinch_Time_Control,Clinch_Takedowns,Clinch_Defense,Clinch_Strikes_Per_Min,Clinch_Position_Control
Aaron Pico,2025-08-04,N/A,N/A,N/A,0,0,0 (0 %),0,,0%,0.00,0%
Abus Magomedov,2025-08-04,N/A,N/A,N/A,0,0,7 (3%),0,,0%,0.00,0%
Adam Fugitt,2025-08-04,N/A,N/A,N/A,0,0,11 (6%),0,1.0,0%,0.00,0%
Adilet Nurmatov ufc,2025-08-04,N/A,N/A,N/A,0,0,,0,,0%,0.00,0%
Adrian Yanez,2025-08-04,N/A,N/A,N/A,0,0,6 (1%),0,,0%,0.00,0%
Ahejiang Ailinuer ufc,2025-08-04,N/A,N/A,N/A,0,0,,0,,0%,0.00,0%
Aiemann Zahabi,2025-08-04,N/A,N/A,N/A,0,0,19 (4%),0,,0%,0.00,0%
Ailin Perez,2025-08-04,N/A,N/A,N/A,0,0,34 (15%),0,1.0,0%,0.00,0%
Aleksandar Rakić,2025-08-04,N/A,N/A,N/A,0,0,46 (10%),0,3.0,0%,0.00,0%
Aleksandre Topuria,2025-08-04,N/A,N/A,N/A,0,0,5 (12%),0,1.0,0%,0.00,0%
Alessandro Costa,2025-08-04,N/A,N/A,N/A,0,0,23 (10%),0,,0%,0.00,0%
Alexander Hernandez,2025-08-04,N/A,N/A,N/A,0,0,61 (9%),0,4.0,0%,0.00,0%
Alexander Volkanovski,2025-08-04,N/A,N/A,N/A,0,0,151 (9%),0,16.0,0%,0.00,0%
Alexander Volkov,2025-08-04,N/A,N/A,N/A,0,0,149 (12%),0,5.0,0%,0.00,0%
Alexandre Pantoja,2025-08-04,N/A,N/A,N/A,0,0,93 (10%),0,3.0,0%,0.00,0%
Alexa Grasso,2025-08-04,N/A,N/A,N/A,0,0,142 (16%),0,1.0,0%,0.00,0%
Alexia Thainara,2025-08-04,N/A,N/A,N/A,0,0,5 (4%),0,1.0,0%,0.00,0%
Alex Caceres,2025-08-04,N/A,N/A,N/A,0,0,128 (8%),0,9.0,0%,0.00,0%
Alex Morono,2025-08-04,N/A,N/A,N/A,0,0,97 (7%),0,,0%,0.00,0%
Alex Pereira,2025-08-04,N/A,N/A,N/A,0,0,72 (11%),0,,0%,0.00,0%
Alex Perez,2025-08-04,N/A,N/A,N/A,0,0,55 (15%),0,7.0,0%,0.00,0%
Alex Reyes,2025-08-04,N/A,N/A,N/A,0,0,21 (24%),0,,0%,0.00,0%
Aliaskhab Khizriev,2025-08-04,N/A,N/A,N/A,0,0,2 (4%),0,2.0,0%,0.00,0%
Alice Ardelean,2025-08-04,N/A,N/A,N/A,0,0,8 (3%),0,2.0,0%,0.00,0%
Aljamain Sterling,2025-08-04,N/A,N/A,N/A,0,0,187 (15%),0,21.0,0%,0.00,0%
Allan Nascimento,2025-08-04,N/A,N/A,N/A,0,0,13 (8%),0,,0%,0.00,0%
Alonzo Menifield,2025-08-04,N/A,N/A,N/A,0,0,76 (13%),0,,0%,0.00,0%
Alvin Hines,2025-08-04,N/A,N/A,N/A,0,0,2 (2%),0,1.0,0%,0.00,0%
Al Iaquinta,2025-08-04,N/A,N/A,N/A,0,0,31 (4%),0,8.0,0%,0.00,0%
Amanda Lemos,2025-08-04,N/A,N/A,N/A,0,0,52 (14%),0,1.0,0%,0.00,0%
Amanda Ribas,2025-08-04,N/A,N/A,N/A,0,0,36 (5%),0,2.0,0%,0.00,0%
Amir Albazi,2025-08-04,N/A,N/A,N/A,0,0,3 (1%),0,3.0,0%,0.00,0%
Andreas Gustafsson,2025-08-04,N/A,N/A,N/A,0,0,84 (62%),0,8.0,0%,0.00,0%
Andrey Pulyaev,2025-08-04,N/A,N/A,N/A,0,0,20 (17%),0,,0%,0.00,0%
Andre Fili,2025-08-04,N/A,N/A,N/A,0,0,58 (6%),0,23.0,0%,0.00,0%
Andre Lima,2025-08-04,N/A,N/A,N/A,0,0,27 (10%),0,1.0,0%,0.00,0%
Andre Muniz,2025-08-04,N/A,N/A,N/A,0,0,11 (5%),0,3.0,0%,0.00,0%
Andre Petroski,2025-08-04,N/A,N/A,N/A,0,0,9 (3%),0,8.0,0%,0.00,0%
Angela Hill,2025-08-04,N/A,N/A,N/A,0,0,491 (23%),0,3.0,0%,0.00,0%
Angel Pacheco,2025-08-04,N/A,N/A,N/A,0,0,42 (15%),0,,0%,0.00,0%
Ange Loosa,2025-08-04,N/A,N/A,N/A,0,0,57 (11%),0,,0%,0.00,0%
Anshul Jubli,2025-08-04,N/A,N/A,N/A,0,0,17 (7%),0,2.0,0%,0.00,0%
Anthony Hernandez,2025-08-04,N/A,N/A,N/A,0,0,65 (13%),0,,0%,0.00,0%
Antonio Trocoli,2025-08-04,N/A,N/A,N/A,0,0,5 (22%),0,,0%,0.00,0%
Ariane Carnelossi,2025-08-04,N/A,N/A,N/A,0,0,30 (19%),0,,0%,0.00,0%
Arisa Matsuda ufc,2025-08-04,N/A,N/A,N/A,0,0,,0,,0%,0.00,0%
Arman Tsarukyan,2025-08-04,N/A,N/A,N/A,0,0,40 (8%),0,3.0,0%,0.00,0%
Arnold Allen,2025-08-04,N/A,N/A,N/A,0,0,27 (4%),0,8.0,0%,0.00,0%
Asu Almabayev ufc,2025-08-04,N/A,N/A,N/A,0,0,,0,,0%,0.00,0%
Ateba Gautier,2025-08-04,N/A,N/A,N/A,0,0,14 (15%),0,,0%,0.00,0%
Austen Lane,2025-08-04,N/A,N/A,N/A,0,0,1 (1%),0,,0%,0.00,0%
Austin Bashi,2025-08-04,N/A,N/A,N/A,0,0,11 (24%),0,3.0,0%,0.00,0%
Austin Hubbard,2025-08-04,N/A,N/A,N/A,0,0,36 (7%),0,,0%,0.00,0%
Azamat Bekoev,2025-08-04,N/A,N/A,N/A,0,0,5 (11%),0,1.0,0%,0.00,0%
Azamat Murzakanov,2025-08-04,N/A,N/A,N/A,0,0,14 (5%),0,1.0,0%,0.00,0%
Azat Maksum,2025-08-04,N/A,N/A,N/A,0,0,19 (13%),0,2.0,0%,0.00,0%
Aziz Khaydarov ufc,2025-08-04,N/A,N/A,N/A,0,0,,0,,0%,0.00,0%
Baergeng Jieleyisi,2025-08-04,N/A,N/A,N/A,0,0,23 (24%),0,1.0,0%,0.00,0%
Bassil Hafez,2025-08-04,N/A,N/A,N/A,0,0,6 (4%),0,3.0,0%,0.00,0%
Bekzat Almakhan,2025-08-04,N/A,N/A,N/A,0,0,0 (0%),0,,0%,0.00,0%
Belal Muhammad,2025-08-04,N/A,N/A,N/A,0,0,68 (5%),0,15.0,0%,0.00,0%
Benardo Sopaj,2025-08-04,N/A,N/A,N/A,0,0,16 (13%),0,3.0,0%,0.00,0%
Beneil Dariush,2025-08-04,N/A,N/A,N/A,0,0,127 (15%),0,9.0,0%,0.00,0%
Benoît Saint Denis,2025-08-04,N/A,N/A,N/A,0,0,72 (20%),0,2.0,0%,0.00,0%
Billy Elekana,2025-08-04,N/A,N/A,N/A,0,0,0 (0%),0,1.0,0%,0.00,0%
Billy Quarantillo,2025-08-04,N/A,N/A,N/A,0,0,183 (18%),0,1.0,0%,0.00,0%
Billy Ray Goff ufc,2025-08-04,N/A,N/A,N/A,0,0,,0,,0%,0.00,0%
Bogdan Grad,2025-08-04,N/A,N/A,N/A,0,0,20 (11%),0,3.0,0%,0.00,0%
Bogdan Guskov,2025-08-04,N/A,N/A,N/A,0,0,9 (16%),0,,0%,0.00,0%
Bolaji Oki,2025-08-04,N/A,N/A,N/A,0,0,8 (3%),0,1.0,0%,0.00,0%
Bo Nickal,2025-08-04,N/A,N/A,N/A,0,0,6 (7%),0,1.0,0%,0.00,0%
Brady Hiestand,2025-08-04,N/A,N/A,N/A,0,0,14 (9%),0,6.0,0%,0.00,0%
Brad Riddell,2025-08-04,N/A,N/A,N/A,0,0,16 (4%),0,1.0,0%,0.00,0%
Brandon Moreno,2025-08-04,N/A,N/A,N/A,0,0,62 (5%),0,12.0,0%,0.00,0%
Brandon Royval,2025-08-04,N/A,N/A,N/A,0,0,36 (5%),0,2.0,0%,0.00,0%
Brendan Allen,2025-08-04,N/A,N/A,N/A,0,0,51 (7%),0,2.0,0%,0.00,0%
Brendson Ribeiro,2025-08-04,N/A,N/A,N/A,0,0,3 (2%),0,,0%,0.00,0%
Brian Ortega,2025-08-04,N/A,N/A,N/A,0,0,49 (7%),0,1.0,0%,0.00,0%
Brogan Walker,2025-08-04,N/A,N/A,N/A,0,0,8 (14%),0,,0%,0.00,0%
Bruna Brasil,2025-08-04,N/A,N/A,N/A,0,0,48 (22%),0,,0%,0.00,0%
Brunno Ferreira,2025-08-04,N/A,N/A,N/A,0,0,10 (7%),0,,0%,0.00,0%
Bruno Lopes,2025-08-04,N/A,N/A,N/A,0,0,24 (29%),0,5.0,0%,0.00,0%
Bryan Battle,2025-08-04,N/A,N/A,N/A,0,0,88 (22%),0,2.0,0%,0.00,0%
Bryce Mitchell,2025-08-04,N/A,N/A,N/A,0,0,24 (8%),0,3.0,0%,0.00,0%
Caio Borralho,2025-08-04,N/A,N/A,N/A,0,0,37 (9%),0,1.0,0%,0.00,0%
Calvin Kattar,2025-08-04,N/A,N/A,N/A,0,0,16 (2%),0,2.0,0%,0.00,0%
Cameron Saaiman,2025-08-04,N/A,N/A,N/A,0,0,23 (6%),0,,0%,0.00,0%
Cameron Smotherman,2025-08-04,N/A,N/A,N/A,0,0,9 (5%),0,,0%,0.00,0%
Carli Judice,2025-08-04,N/A,N/A,N/A,0,0,66 (14%),0,2.0,0%,0.00,0%
Carlos Leal,2025-08-04,N/A,N/A,N/A,0,0,38 (20%),0,1.0,0%,0.00,0%
Carlos Prates,2025-08-04,N/A,N/A,N/A,0,0,1 (0%),0,,0%,0.00,0%
Carlos Ulberg,2025-08-04,N/A,N/A,N/A,0,0,23 (4%),0,2.0,0%,0.00,0%
Carlos Vera,2025-08-04,N/A,N/A,N/A,0,0,1 (4%),0,,0%,0.00,0%
Carlston Harris,2025-08-04,N/A,N/A,N/A,0,0,13 (7%),0,,0%,0.00,0%
Cesar Almeida,2025-08-04,N/A,N/A,N/A,0,0,39 (17%),0,,0%,0.00,0%
Chad Anheliger,2025-08-04,N/A,N/A,N/A,0,0,38 (14%),0,,0%,0.00,0%
Charles Johnson,2025-08-04,N/A,N/A,N/A,0,0,92 (13%),0,,0%,0.00,0%
Charles Jourdain,2025-08-04,N/A,N/A,N/A,0,0,175 (18%),0,,0%,0.00,0%
Charles Oliveira,2025-08-04,N/A,N/A,N/A,0,0,170 (19%),0,26.0,0%,0.00,0%
Charles Radtke,2025-08-04,N/A,N/A,N/A,0,0,0 (0 %),0,,0%,0.00,0%
Charlie Campbell,2025-08-04,N/A,N/A,N/A,0,0,22 (19%),0,,0%,0.00,0%
Chase Hooper,2025-08-04,N/A,N/A,N/A,0,0,72 (13%),0,1.0,0%,0.00,0%
Chelsea Chandler,2025-08-04,N/A,N/A,N/A,0,0,39 (21%),0,,0%,0.00,0%
Chepe Mariscal,2025-08-04,N/A,N/A,N/A,0,0,77 (23%),0,4.0,0%,0.00,0%
Chidi Njokuani,2025-08-04,N/A,N/A,N/A,0,0,147 (33%),0,,0%,0.00,0%
Christian Leroy Duncan,2025-08-04,N/A,N/A,N/A,0,0,61 (20%),0,,0%,0.00,0%
Christian Rodriguez,2025-08-04,N/A,N/A,N/A,0,0,70 (17%),0,2.0,0%,0.00,0%
Chris Barnett,2025-08-04,N/A,N/A,N/A,0,0,11 (7%),0,,0%,0.00,0%
Chris Curtis,2025-08-04,N/A,N/A,N/A,0,0,56 (6%),0,,0%,0.00,0%
Chris Duncan,2025-08-04,N/A,N/A,N/A,0,0,9 (4%),0,5.0,0%,0.00,0%
Chris Gutierrez,2025-08-04,N/A,N/A,N/A,0,0,0 (0 %),0,,0%,0.00,0%
Chris Padilla,2025-08-04,N/A,N/A,N/A,0,0,12 (10%),0,3.0,0%,0.00,0%
Ciryl Gane,2025-08-04,N/A,N/A,N/A,0,0,65 (7%),0,,0%,0.00,0%
Claudio Puelles,2025-08-04,N/A,N/A,N/A,0,0,8 (6%),0,,0%,0.00,0%
Clayton Carpenter,2025-08-04,N/A,N/A,N/A,0,0,10 (6%),0,,0%,0.00,0%
Cody Brundage,2025-08-04,N/A,N/A,N/A,0,0,14 (8%),0,1.0,0%,0.00,0%
Cody Durden,2025-08-04,N/A,N/A,N/A,0,0,16 (4%),0,9.0,0%,0.00,0%
Cody Garbrandt,2025-08-04,N/A,N/A,N/A,0,0,29 (6%),0,5.0,0%,0.00,0%
Cody Gibson,2025-08-04,N/A,N/A,N/A,0,0,81 (23%),0,5.0,0%,0.00,0%
Cody Haddon,2025-08-04,N/A,N/A,N/A,0,0,12 (7%),0,2.0,0%,0.00,0%
Colby Covington,2025-08-04,N/A,N/A,N/A,0,0,107 (10%),0,48.0,0%,0.00,0%
Colby Thicknesse,2025-08-04,N/A,N/A,N/A,0,0,3 (8%),0,,0%,0.00,0%
Cory Sandhagen,2025-08-04,N/A,N/A,N/A,0,0,34 (3%),0,1.0,0%,0.00,0%
Cristian Quiñonez,2025-08-04,N/A,N/A,N/A,0,0,9 (7%),0,,0%,0.00,0%
Cub Swanson,2025-08-04,N/A,N/A,N/A,0,0,196 (11%),0,11.0,0%,0.00,0%
Current Roster ufc,2025-08-04,N/A,N/A,N/A,0,0,,0,,0%,0.00,0%
Curtis Blaydes,2025-08-04,N/A,N/A,N/A,0,0,85 (13%),0,33.0,0%,0.00,0%
Daichi Kamiya ufc,2025-08-04,N/A,N/A,N/A,0,0,,0,,0%,0.00,0%
Damian Pinas ufc,2025-08-04,N/A,N/A,N/A,0,0,,0,,0%,0.00,0%
Damir Hadžović,2025-08-04,N/A,N/A,N/A,0,0,35 (11%),0,,0%,0.00,0%
Daniel Barez,2025-08-04,N/A,N/A,N/A,0,0,6 (4%),0,,0%,0.00,0%
Daniel Frunza,2025-08-04,N/A,N/A,N/A,0,0,8 (9%),0,,0%,0.00,0%
Daniel Marcos,2025-08-04,N/A,N/A,N/A,0,0,52 (11%),0,,0%,0.00,0%
Daniel Rodriguez,2025-08-04,N/A,N/A,N/A,0,0,25 (2%),0,,0%,0.00,0%
Daniel Santos,2025-08-04,N/A,N/A,N/A,0,0,24 (9%),0,,0%,0.00,0%
Daniel Zellhuber,2025-08-04,N/A,N/A,N/A,0,0,25 (4%),0,,0%,0.00,0%
Danny Barlow,2025-08-04,N/A,N/A,N/A,0,0,7 (4%),0,,0%,0.00,0%
Danny Silva,2025-08-04,N/A,N/A,N/A,0,0,48 (15%),0,4.0,0%,0.00,0%
Dan Hooker,2025-08-04,N/A,N/A,N/A,0,0,97 (9%),0,3.0,0%,0.00,0%
Dan Ige,2025-08-04,N/A,N/A,N/A,0,0,75 (8%),0,2.0,0%,0.00,0%
Daria Zhelezniakova,2025-08-04,N/A,N/A,N/A,0,0,7 (4%),0,,0%,0.00,0%
Darren Elkins,2025-08-04,N/A,N/A,N/A,0,0,242 (20%),0,39.0,0%,0.00,0%
Darrius Flowers,2025-08-04,N/A,N/A,N/A,0,0,9 (10%),0,1.0,0%,0.00,0%
Davey Grant,2025-08-04,N/A,N/A,N/A,0,0,49 (5%),0,3.0,0%,0.00,0%
David Martinez,2025-08-04,N/A,N/A,N/A,0,0,7 (7%),0,,0%,0.00,0%
David Onama,2025-08-04,N/A,N/A,N/A,0,0,38 (7%),0,,0%,0.00,0%
David Teymur,2025-08-04,N/A,N/A,N/A,0,0,21 (7%),0,4.0,0%,0.00,0%
Deiveson Figueiredo,2025-08-04,N/A,N/A,N/A,0,0,51 (8%),0,7.0,0%,0.00,0%
Denise Gomes,2025-08-04,N/A,N/A,N/A,0,0,95 (23%),0,,0%,0.00,0%
Deni Daffa ufc,2025-08-04,N/A,N/A,N/A,0,0,,0,,0%,0.00,0%
Dennis Buzukja,2025-08-04,N/A,N/A,N/A,0,0,34 (11%),0,,0%,0.00,0%
Derrick Lewis,2025-08-04,N/A,N/A,N/A,0,0,123 (18%),0,5.0,0%,0.00,0%
Diego Ferreira,2025-08-04,N/A,N/A,N/A,0,0,50 (7%),0,1.0,0%,0.00,0%
Diego Lopes,2025-08-04,N/A,N/A,N/A,0,0,32 (10%),0,,0%,0.00,0%
Dione Barbosa,2025-08-04,N/A,N/A,N/A,0,0,6 (7%),0,2.0,0%,0.00,0%
Diyar Nurgozhay,2025-08-04,N/A,N/A,N/A,0,0,2 (4%),0,2.0,0%,0.00,0%
Dominick Reyes,2025-08-04,N/A,N/A,N/A,0,0,60 (11%),0,1.0,0%,0.00,0%
Dominic Mar Fan ufc,2025-08-04,N/A,N/A,N/A,0,0,,0,,0%,0.00,0%
Dooho Choi,2025-08-04,N/A,N/A,N/A,0,0,36 (10%),0,1.0,0%,0.00,0%
Drakkar Klose,2025-08-04,N/A,N/A,N/A,0,0,200 (34%),0,8.0,0%,0.00,0%
Drew Dober,2025-08-04,N/A,N/A,N/A,0,0,105 (12%),0,7.0,0%,0.00,0%
Dricus Du Plessis,2025-08-04,N/A,N/A,N/A,0,0,61 (8%),0,2.0,0%,0.00,0%
Duško Todorović,2025-08-04,N/A,N/A,N/A,0,0,131 (34%),0,2.0,0%,0.00,0%
Dustin Jacoby,2025-08-04,N/A,N/A,N/A,0,0,109 (11%),0,2.0,0%,0.00,0%
Dustin Poirier,2025-08-04,N/A,N/A,N/A,0,0,285 (15%),0,24.0,0%,0.00,0%
Dustin Stoltzfus,2025-08-04,N/A,N/A,N/A,0,0,33 (11%),0,4.0,0%,0.00,0%
Edgar Chairez,2025-08-04,N/A,N/A,N/A,0,0,3 (2%),0,,0%,0.00,0%
Edmen Shahbazyan,2025-08-04,N/A,N/A,N/A,0,0,66 (17%),0,8.0,0%,0.00,0%
Edson Barboza,2025-08-04,N/A,N/A,N/A,0,0,65 (4%),0,7.0,0%,0.00,0%
Eduarda Moura,2025-08-04,N/A,N/A,N/A,0,0,8 (5%),0,3.0,0%,0.00,0%
Elijah Smith,2025-08-04,N/A,N/A,N/A,0,0,10 (9%),0,3.0,0%,0.00,0%
Elise Reed,2025-08-04,N/A,N/A,N/A,0,0,40 (12%),0,,0%,0.00,0%
Elves Brener,2025-08-04,N/A,N/A,N/A,0,0,11 (5%),0,,0%,0.00,0%
Erik Silva,2025-08-04,N/A,N/A,N/A,0,0,7 (21%),0,3.0,0%,0.00,0%
Erin Blanchfield,2025-08-04,N/A,N/A,N/A,0,0,42 (7%),0,10.0,0%,0.00,0%
Ernesta Kareckaitė,2025-08-04,N/A,N/A,N/A,0,0,45 (14%),0,1.0,0%,0.00,0%
Eryk Anders,2025-08-04,N/A,N/A,N/A,0,0,186 (24%),0,6.0,0%,0.00,0%
Esteban Ribovics,2025-08-04,N/A,N/A,N/A,0,0,14 (3%),0,,0%,0.00,0%
Evan Elder,2025-08-04,N/A,N/A,N/A,0,0,14 (4%),0,,0%,0.00,0%
Farès Ziam,2025-08-04,N/A,N/A,N/A,0,0,42 (12%),0,,0%,0.00,0%
Farid Basharat,2025-08-04,N/A,N/A,N/A,0,0,9 (3%),0,3.0,0%,0.00,0%
Fatima Kline,2025-08-04,N/A,N/A,N/A,0,0,17 (12%),0,1.0,0%,0.00,0%
Felipe Bunes,2025-08-04,N/A,N/A,N/A,0,0,1 (2%),0,2.0,0%,0.00,0%
Felipe Lima,2025-08-04,N/A,N/A,N/A,0,0,12 (10%),0,1.0,0%,0.00,0%
Feng Xiaocan,2025-08-04,N/A,N/A,N/A,0,0,9 (5%),0,,0%,0.00,0%
Fernando Padilla,2025-08-04,N/A,N/A,N/A,0,0,12 (8%),0,,0%,0.00,0%
Former Roster ufc,2025-08-04,N/A,N/A,N/A,0,0,,0,,0%,0.00,0%
Francisco Prado,2025-08-04,N/A,N/A,N/A,0,0,19 (7%),0,,0%,0.00,0%
Francis Marshall,2025-08-04,N/A,N/A,N/A,0,0,5 (2%),0,1.0,0%,0.00,0%
Frankie Saenz,2025-08-04,N/A,N/A,N/A,0,0,174 (34%),0,14.0,0%,0.00,0%
Gabe Green,2025-08-04,N/A,N/A,N/A,0,0,11 (3%),0,2.0,0%,0.00,0%
Gabriella Fernandes,2025-08-04,N/A,N/A,N/A,0,0,26 (14%),0,,0%,0.00,0%
Gabriel Bonfim,2025-08-04,N/A,N/A,N/A,0,0,25 (10%),0,,0%,0.00,0%
Gabriel Santos,2025-08-04,N/A,N/A,N/A,0,0,23 (10%),0,5.0,0%,0.00,0%
Garrett Armfield,2025-08-04,N/A,N/A,N/A,0,0,16 (5%),0,,0%,0.00,0%
Gaston Bolanos,2025-08-04,N/A,N/A,N/A,0,0,9 (6%),0,,0%,0.00,0%
Gauge Young,2025-08-04,N/A,N/A,N/A,0,0,7 (5%),0,,0%,0.00,0%
Gavin Tucker,2025-08-04,N/A,N/A,N/A,0,0,49 (16%),0,1.0,0%,0.00,0%
Geoff Neal,2025-08-04,N/A,N/A,N/A,0,0,74 (11%),0,,0%,0.00,0%
George Mangos ufc,2025-08-04,N/A,N/A,N/A,0,0,,0,,0%,0.00,0%
Gerald Meerschaert,2025-08-04,N/A,N/A,N/A,0,0,67 (11%),0,6.0,0%,0.00,0%
Giga Chikadze,2025-08-04,N/A,N/A,N/A,0,0,13 (2%),0,1.0,0%,0.00,0%
Gilbert Burns,2025-08-04,N/A,N/A,N/A,0,0,98 (10%),0,13.0,0%,0.00,0%
Gilbert Urbina,2025-08-04,N/A,N/A,N/A,0,0,22 (20%),0,2.0,0%,0.00,0%
Gillian Robertson,2025-08-04,N/A,N/A,N/A,0,0,19 (3%),0,3.0,0%,0.00,0%
Grant Dawson,2025-08-04,N/A,N/A,N/A,0,0,46 (9%),0,,0%,0.00,0%
Gregory Rodrigues,2025-08-04,N/A,N/A,N/A,0,0,61 (11%),0,7.0,0%,0.00,0%
Gunnar Nelson,2025-08-04,N/A,N/A,N/A,0,0,31 (11%),0,10.0,0%,0.00,0%
Hailey Cowan,2025-08-04,N/A,N/A,N/A,0,0,26 (28%),0,2.0,0%,0.00,0%
Hamdy Abdelwahab,2025-08-04,N/A,N/A,N/A,0,0,2 (1%),0,3.0,0%,0.00,0%
Henry Cejudo,2025-08-04,N/A,N/A,N/A,0,0,150 (19%),0,19.0,0%,0.00,0%
Hyder Amil,2025-08-04,N/A,N/A,N/A,0,0,26 (10%),0,1.0,0%,0.00,0%
Ian Machado Garry ufc,2025-08-04,N/A,N/A,N/A,0,0,,0,,0%,0.00,0%
Iasmin Lucindo,2025-08-04,N/A,N/A,N/A,0,0,20 (8%),0,,0%,0.00,0%
Ibo Aslan,2025-08-04,N/A,N/A,N/A,0,0,11 (7%),0,,0%,0.00,0%
Ignacio Bahamondes,2025-08-04,N/A,N/A,N/A,0,0,40 (6%),0,,0%,0.00,0%
Ikram Aliskerov,2025-08-04,N/A,N/A,N/A,0,0,3 (3%),0,,0%,0.00,0%
Ilian Bouafia ufc,2025-08-04,N/A,N/A,N/A,0,0,,0,,0%,0.00,0%
Ilia Topuria,2025-08-04,N/A,N/A,N/A,0,0,12 (3%),0,5.0,0%,0.00,0%
Ion Cutelaba,2025-08-04,N/A,N/A,N/A,0,0,135 (20%),0,6.0,0%,0.00,0%
Irene Aldana,2025-08-04,N/A,N/A,N/A,0,0,55 (5%),0,2.0,0%,0.00,0%
Irina Alekseeva,2025-08-04,N/A,N/A,N/A,0,0,8 (6%),0,,0%,0.00,0%
Isaac Dulgarian,2025-08-04,N/A,N/A,N/A,0,0,1 (1%),0,1.0,0%,0.00,0%
Islam Dulatov,2025-08-04,N/A,N/A,N/A,0,0,8 (13%),0,,0%,0.00,0%
Islam Makhachev,2025-08-04,N/A,N/A,N/A,0,0,86 (19%),0,13.0,0%,0.00,0%
Ismael Bonfim,2025-08-04,N/A,N/A,N/A,0,0,24 (9%),0,1.0,0%,0.00,0%
Ismail Naurdiev,2025-08-04,N/A,N/A,N/A,0,0,36 (11%),0,,0%,0.00,0%
Israel Adesanya,2025-08-04,N/A,N/A,N/A,0,0,64 (5%),0,,0%,0.00,0%
Ivan Erslan,2025-08-04,N/A,N/A,N/A,0,0,5 (7%),0,1.0,0%,0.00,0%
Jack Becker ufc,2025-08-04,N/A,N/A,N/A,0,0,,0,,0%,0.00,0%
Jack Della Maddalena,2025-08-04,N/A,N/A,N/A,0,0,0 (0 %),0,,0%,0.00,0%
Jack Hermansson,2025-08-04,N/A,N/A,N/A,0,0,75 (7%),0,6.0,0%,0.00,0%
Jack Jenkins,2025-08-04,N/A,N/A,N/A,0,0,41 (12%),0,4.0,0%,0.00,0%
Jacobe Smith,2025-08-04,N/A,N/A,N/A,0,0,6 (5%),0,,0%,0.00,0%
Jacob Malkoun,2025-08-04,N/A,N/A,N/A,0,0,12 (4%),0,14.0,0%,0.00,0%
Jacqueline Cavalcanti,2025-08-04,N/A,N/A,N/A,0,0,16 (5%),0,,0%,0.00,0%
Jafel Filho,2025-08-04,N/A,N/A,N/A,0,0,7 (7%),0,,0%,0.00,0%
Jailton Almeida,2025-08-04,N/A,N/A,N/A,0,0,7 (4%),0,2.0,0%,0.00,0%
Jai Herbert,2025-08-04,N/A,N/A,N/A,0,0,48 (15%),0,,0%,0.00,0%
Jake Matthews,2025-08-04,N/A,N/A,N/A,0,0,65 (8%),0,17.0,0%,0.00,0%
Jamahal Hill,2025-08-04,N/A,N/A,N/A,0,0,84 (11%),0,,0%,0.00,0%
Jamall Emmers,2025-08-04,N/A,N/A,N/A,0,0,50 (12%),0,7.0,0%,0.00,0%
Jamie Mullarkey,2025-08-04,N/A,N/A,N/A,0,0,42 (9%),0,3.0,0%,0.00,0%
Jan Błachowicz,2025-08-04,N/A,N/A,N/A,0,0,105 (11%),0,12.0,0%,0.00,0%
Jaqueline Amorim,2025-08-04,N/A,N/A,N/A,0,0,0 (0%),0,2.0,0%,0.00,0%
Jared Cannonier,2025-08-04,N/A,N/A,N/A,0,0,135 (11%),0,1.0,0%,0.00,0%
Jared Gordon,2025-08-04,N/A,N/A,N/A,0,0,127 (13%),0,6.0,0%,0.00,0%
Jasmine Jasudavicius,2025-08-04,N/A,N/A,N/A,0,0,64 (12%),0,2.0,0%,0.00,0%
Javid Basharat,2025-08-04,N/A,N/A,N/A,0,0,31 (7%),0,,0%,0.00,0%
Jean Matsumoto,2025-08-04,N/A,N/A,N/A,0,0,24 (8%),0,2.0,0%,0.00,0%
Jean Silva,2025-08-04,N/A,N/A,N/A,0,0,33 (14%),0,1.0,0%,0.00,0%
Jeremiah Wells,2025-08-04,N/A,N/A,N/A,0,0,5 (4%),0,1.0,0%,0.00,0%
Jeremy Stephens,2025-08-04,N/A,N/A,N/A,0,0,125 (10%),0,27.0,0%,0.00,0%
Jéssica Andrade,2025-08-04,N/A,N/A,N/A,0,0,305 (18%),0,33.0,0%,0.00,0%
Jesus Aguilar,2025-08-04,N/A,N/A,N/A,0,0,9 (11%),0,,0%,0.00,0%
Jhonata Diniz,2025-08-04,N/A,N/A,N/A,0,0,8 (3%),0,,0%,0.00,0%
Jimmy Crute,2025-08-04,N/A,N/A,N/A,0,0,42 (13%),0,1.0,0%,0.00,0%
Jimmy Drago ufc,2025-08-04,N/A,N/A,N/A,0,0,,0,,0%,0.00,0%
Jim Miller,2025-08-04,N/A,N/A,N/A,0,0,194 (15%),0,36.0,0%,0.00,0%
Jin Aoi ufc,2025-08-04,N/A,N/A,N/A,0,0,,0,,0%,0.00,0%
Jiří Procházka,2025-08-04,N/A,N/A,N/A,0,0,29 (7%),0,1.0,0%,0.00,0%
Joanderson Brito,2025-08-04,N/A,N/A,N/A,0,0,24 (12%),0,2.0,0%,0.00,0%
Joaquim Silva,2025-08-04,N/A,N/A,N/A,0,0,70 (17%),0,,0%,0.00,0%
Joaquin Buckley,2025-08-04,N/A,N/A,N/A,0,0,42 (6%),0,7.0,0%,0.00,0%
Joel Álvarez,2025-08-04,N/A,N/A,N/A,0,0,44 (15%),0,,0%,0.00,0%
Joe Lauzon,2025-08-04,N/A,N/A,N/A,0,0,99 (16%),0,33.0,0%,0.00,0%
Joe Pyfer,2025-08-04,N/A,N/A,N/A,0,0,5 (2%),0,,0%,0.00,0%
Johnny Walker,2025-08-04,N/A,N/A,N/A,0,0,37 (9%),0,,0%,0.00,0%
John Castaneda,2025-08-04,N/A,N/A,N/A,0,0,36 (7%),0,,0%,0.00,0%
Jonathan Martinez,2025-08-04,N/A,N/A,N/A,0,0,62 (7%),0,1.0,0%,0.00,0%
Jonathan Micallef,2025-08-04,N/A,N/A,N/A,0,0,3 (3%),0,,0%,0.00,0%
Jonny Parsons,2025-08-04,N/A,N/A,N/A,0,0,8 (7%),0,,0%,0.00,0%
Jordan Leavitt,2025-08-04,N/A,N/A,N/A,0,0,16 (11%),0,4.0,0%,0.00,0%
Jordan Vucenic,2025-08-04,N/A,N/A,N/A,0,0,9 (18%),0,,0%,0.00,0%
Joselyne Edwards,2025-08-04,N/A,N/A,N/A,0,0,51 (8%),0,1.0,0%,0.00,0%
Jose Daniel Medina,2025-08-04,N/A,N/A,N/A,0,0,5 (7%),0,1.0,0%,0.00,0%
Jose Miguel Delgado,2025-08-04,N/A,N/A,N/A,0,0,9 (13%),0,,0%,0.00,0%
Jose Ochoa,2025-08-04,N/A,N/A,N/A,0,0,13 (12%),0,,0%,0.00,0%
Joshua Van,2025-08-04,N/A,N/A,N/A,0,0,85 (8%),0,,0%,0.00,0%
Josh Emmett,2025-08-04,N/A,N/A,N/A,0,0,43 (6%),0,9.0,0%,0.00,0%
Josiane Nunes,2025-08-04,N/A,N/A,N/A,0,0,43 (11%),0,,0%,0.00,0%
Josias Musasa,2025-08-04,N/A,N/A,N/A,0,0,20 (32%),0,,0%,0.00,0%
Juliana Miller,2025-08-04,N/A,N/A,N/A,0,0,18 (14%),0,4.0,0%,0.00,0%
Julianna Peña,2025-08-04,N/A,N/A,N/A,0,0,65 (13%),0,9.0,0%,0.00,0%
Julian Erosa,2025-08-04,N/A,N/A,N/A,0,0,142 (16%),0,3.0,0%,0.00,0%
Julia Polastri,2025-08-04,N/A,N/A,N/A,0,0,46 (12%),0,3.0,0%,0.00,0%
Julija Stoliarenko,2025-08-04,N/A,N/A,N/A,0,0,15 (7%),0,,0%,0.00,0%
Julius Walker,2025-08-04,N/A,N/A,N/A,0,0,35 (41%),0,1.0,0%,0.00,0%
Junior Tafa,2025-08-04,N/A,N/A,N/A,0,0,25 (18%),0,,0%,0.00,0%
Justin Gaethje,2025-08-04,N/A,N/A,N/A,0,0,127 (12%),0,,0%,0.00,0%
Justin Tafa,2025-08-04,N/A,N/A,N/A,0,0,26 (12%),0,,0%,0.00,0%
Kaan Ofli,2025-08-04,N/A,N/A,N/A,0,0,18 (42%),0,,0%,0.00,0%
Kai Asakura,2025-08-04,N/A,N/A,N/A,0,0,0 (0%),0,,0%,0.00,0%
Kai Yoshida ufc,2025-08-04,N/A,N/A,N/A,0,0,,0,,0%,0.00,0%
Kamaru Usman,2025-08-04,N/A,N/A,N/A,0,0,238 (17%),0,28.0,0%,0.00,0%
Karine Silva,2025-08-04,N/A,N/A,N/A,0,0,27 (18%),0,1.0,0%,0.00,0%
Karolina Kowalkiewicz,2025-08-04,N/A,N/A,N/A,0,0,252 (19%),0,1.0,0%,0.00,0%
Karol Rosa,2025-08-04,N/A,N/A,N/A,0,0,106 (10%),0,,0%,0.00,0%
Katlyn Cerminara,2025-08-04,N/A,N/A,N/A,0,0,86 (8%),0,,0%,0.00,0%
Kauê Fernandes,2025-08-04,N/A,N/A,N/A,0,0,0 (0%),0,,0%,0.00,0%
Kayla Harrison,2025-08-04,N/A,N/A,N/A,0,0,24 (18%),0,2.0,0%,0.00,0%
Keiichiro Nakamura ufc,2025-08-04,N/A,N/A,N/A,0,0,,0,,0%,0.00,0%
Kelvin Gastelum,2025-08-04,N/A,N/A,N/A,0,0,107 (9%),0,9.0,0%,0.00,0%
Kennedy Freeman,2025-08-04,N/A,N/A,N/A,0,0,0 (0 %),0,,0%,0.00,0%
Kennedy Nzechukwu,2025-08-04,N/A,N/A,N/A,0,0,79 (11%),0,,0%,0.00,0%
Ketlen Souza,2025-08-04,N/A,N/A,N/A,0,0,20 (12%),0,,0%,0.00,0%
Ketlen Vieira,2025-08-04,N/A,N/A,N/A,0,0,99 (17%),0,8.0,0%,0.00,0%
Kevin Borjas,2025-08-04,N/A,N/A,N/A,0,0,6 (2%),0,,0%,0.00,0%
Kevin Holland,2025-08-04,N/A,N/A,N/A,0,0,160 (13%),0,,0%,0.00,0%
Kevin Vallejos,2025-08-04,N/A,N/A,N/A,0,0,2 (2%),0,,0%,0.00,0%
Khamzat Chimaev,2025-08-04,N/A,N/A,N/A,0,0,11 (4%),0,4.0,0%,0.00,0%
Khaos Williams,2025-08-04,N/A,N/A,N/A,0,0,38 (8%),0,,0%,0.00,0%
Kiefer Crosbie,2025-08-04,N/A,N/A,N/A,0,0,30 (10%),0,1.0,0%,0.00,0%
King Green ufc,2025-08-04,N/A,N/A,N/A,0,0,,0,,0%,0.00,0%
Kiru Sahota ufc,2025-08-04,N/A,N/A,N/A,0,0,,0,,0%,0.00,0%
Kitt Campbell,2025-08-04,N/A,N/A,N/A,0,0,,0,,0%,0.00,0%
Klaudia Syguła,2025-08-04,N/A,N/A,N/A,0,0,5 (4%),0,,0%,0.00,0%
Kody Steele,2025-08-04,N/A,N/A,N/A,0,0,2 (2%),0,1.0,0%,0.00,0%
Kris Moutinho,2025-08-04,N/A,N/A,N/A,0,0,1 (1%),0,,0%,0.00,0%
Kurt Holobaugh,2025-08-04,N/A,N/A,N/A,0,0,98 (18%),0,2.0,0%,0.00,0%
Kuya Ito ufc,2025-08-04,N/A,N/A,N/A,0,0,,0,,0%,0.00,0%
Kyler Phillips,2025-08-04,N/A,N/A,N/A,0,0,42 (7%),0,14.0,0%,0.00,0%
Kyle Nelson,2025-08-04,N/A,N/A,N/A,0,0,47 (13%),0,2.0,0%,0.00,0%
Kyle Prepolec,2025-08-04,N/A,N/A,N/A,0,0,5 (5%),0,,0%,0.00,0%
Lando Vannata,2025-08-04,N/A,N/A,N/A,0,0,53 (8%),0,6.0,0%,0.00,0%
Lauren Murphy,2025-08-04,N/A,N/A,N/A,0,0,129 (15%),0,6.0,0%,0.00,0%
Lawrence Lui ufc,2025-08-04,N/A,N/A,N/A,0,0,,0,,0%,0.00,0%
Leon Edwards,2025-08-04,N/A,N/A,N/A,0,0,118 (14%),0,12.0,0%,0.00,0%
Lerone Murphy,2025-08-04,N/A,N/A,N/A,0,0,68 (11%),0,,0%,0.00,0%
Light Heavyweight ufc,2025-08-04,N/A,N/A,N/A,0,0,,0,,0%,0.00,0%
Li Jingliang,2025-08-04,N/A,N/A,N/A,0,0,40 (5%),0,8.0,0%,0.00,0%
Loik Radzhabov,2025-08-04,N/A,N/A,N/A,0,0,4 (3%),0,11.0,0%,0.00,0%
Loma Lookboonmee,2025-08-04,N/A,N/A,N/A,0,0,181 (37%),0,1.0,0%,0.00,0%
Loopy Godinez,2025-08-04,N/A,N/A,N/A,0,0,74 (10%),0,15.0,0%,0.00,0%
Luana Carolina,2025-08-04,N/A,N/A,N/A,0,0,149 (23%),0,,0%,0.00,0%
Luana Pinheiro,2025-08-04,N/A,N/A,N/A,0,0,29 (10%),0,7.0,0%,0.00,0%
Luana Santos,2025-08-04,N/A,N/A,N/A,0,0,14 (8%),0,,0%,0.00,0%
Luan Lacerda,2025-08-04,N/A,N/A,N/A,0,0,3 (3%),0,1.0,0%,0.00,0%
Lucas Almeida,2025-08-04,N/A,N/A,N/A,0,0,10 (3%),0,,0%,0.00,0%
Lucas Rocha,2025-08-04,N/A,N/A,N/A,0,0,3 (12%),0,,0%,0.00,0%
Ludovit Klein,2025-08-04,N/A,N/A,N/A,0,0,61 (12%),0,4.0,0%,0.00,0%
Luis Gurule,2025-08-04,N/A,N/A,N/A,0,0,11 (9%),0,1.0,0%,0.00,0%
Lukasz Brzeski,2025-08-04,N/A,N/A,N/A,0,0,33 (9%),0,,0%,0.00,0%
Lyman Good,2025-08-04,N/A,N/A,N/A,0,0,58 (20%),0,1.0,0%,0.00,0%
Mackenzie Dern,2025-08-04,N/A,N/A,N/A,0,0,71 (11%),0,1.0,0%,0.00,0%
Macy Chiasson,2025-08-04,N/A,N/A,N/A,0,0,122 (29%),0,,0%,0.00,0%
Magomed Ankalaev,2025-08-04,N/A,N/A,N/A,0,0,73 (11%),0,,0%,0.00,0%
Mairon Santos ufc,2025-08-04,N/A,N/A,N/A,0,0,,0,,0%,0.00,0%
Malcolm Wellmaker,2025-08-04,N/A,N/A,N/A,0,0,3 (6%),0,,0%,0.00,0%
Mandel Nallo ufc,2025-08-04,N/A,N/A,N/A,0,0,,0,,0%,0.00,0%
Manel Kape,2025-08-04,N/A,N/A,N/A,0,0,23 (4%),0,2.0,0%,0.00,0%
Manolo Zecchini,2025-08-04,N/A,N/A,N/A,0,0,0 (0%),0,,0%,0.00,0%
Manon Fiorot,2025-08-04,N/A,N/A,N/A,0,0,51 (8%),0,1.0,0%,0.00,0%
Mansher Khera ufc,2025-08-04,N/A,N/A,N/A,0,0,,0,,0%,0.00,0%
Manuel Torres,2025-08-04,N/A,N/A,N/A,0,0,15 (13%),0,,0%,0.00,0%
Marcin Prachnio,2025-08-04,N/A,N/A,N/A,0,0,95 (16%),0,,0%,0.00,0%
Marcin Tybura,2025-08-04,N/A,N/A,N/A,0,0,79 (9%),0,11.0,0%,0.00,0%
Marco Tulio,2025-08-04,N/A,N/A,N/A,0,0,13 (5%),0,,0%,0.00,0%
Mario Bautista,2025-08-04,N/A,N/A,N/A,0,0,92 (13%),0,1.0,0%,0.00,0%
Mario Pinto,2025-08-04,N/A,N/A,N/A,0,0,1 (4%),0,,0%,0.00,0%
Mark Choinski,2025-08-04,N/A,N/A,N/A,0,0,2 (3%),0,2.0,0%,0.00,0%
Marlon Vera,2025-08-04,N/A,N/A,N/A,0,0,144 (10%),0,,0%,0.00,0%
Marnic Mann,2025-08-04,N/A,N/A,N/A,0,0,5 (9%),0,,0%,0.00,0%
Martin Buday,2025-08-04,N/A,N/A,N/A,0,0,125 (28%),0,,0%,0.00,0%
Marvin Vettori,2025-08-04,N/A,N/A,N/A,0,0,83 (6%),0,7.0,0%,0.00,0%
Maryna Moroz,2025-08-04,N/A,N/A,N/A,0,0,58 (9%),0,1.0,0%,0.00,0%
Mason Jones,2025-08-04,N/A,N/A,N/A,0,0,56 (15%),0,11.0,0%,0.00,0%
Mateusz Gamrot,2025-08-04,N/A,N/A,N/A,0,0,32 (7%),0,12.0,0%,0.00,0%
Mateusz Rębecki,2025-08-04,N/A,N/A,N/A,0,0,9 (3%),0,3.0,0%,0.00,0%
Matheus Camilo,2025-08-04,N/A,N/A,N/A,0,0,0 (0%),0,2.0,0%,0.00,0%
Matt Brown,2025-08-04,N/A,N/A,N/A,0,0,276 (27%),0,23.0,0%,0.00,0%
Matt Frevola,2025-08-04,N/A,N/A,N/A,0,0,38 (12%),0,,0%,0.00,0%
Matt Schnell,2025-08-04,N/A,N/A,N/A,0,0,43 (9%),0,1.0,0%,0.00,0%
Mauricio Ruffy,2025-08-04,N/A,N/A,N/A,0,0,4 (2%),0,,0%,0.00,0%
Max Griffin,2025-08-04,N/A,N/A,N/A,0,0,81 (9%),0,9.0,0%,0.00,0%
Max Holloway,2025-08-04,N/A,N/A,N/A,0,0,245 (7%),0,4.0,0%,0.00,0%
Maycee Barber,2025-08-04,N/A,N/A,N/A,0,0,254 (37%),0,1.0,0%,0.00,0%
Mayra Bueno Silva,2025-08-04,N/A,N/A,N/A,0,0,141 (28%),0,,0%,0.00,0%
Melissa Gatto,2025-08-04,N/A,N/A,N/A,0,0,24 (10%),0,1.0,0%,0.00,0%
Melissa Martinez,2025-08-04,N/A,N/A,N/A,0,0,6 (4%),0,1.0,0%,0.00,0%
Melissa Mullins,2025-08-04,N/A,N/A,N/A,0,0,6 (4%),0,,0%,0.00,0%
Melquizael Costa,2025-08-04,N/A,N/A,N/A,0,0,38 (11%),0,,0%,0.00,0%
Melsik Baghdasaryan,2025-08-04,N/A,N/A,N/A,0,0,66 (21%),0,,0%,0.00,0%
Merab Dvalishvili,2025-08-04,N/A,N/A,N/A,0,0,157 (15%),0,17.0,0%,0.00,0%
Michael Chandler,2025-08-04,N/A,N/A,N/A,0,0,21 (5%),0,1.0,0%,0.00,0%
Michael Chiesa,2025-08-04,N/A,N/A,N/A,0,0,65 (16%),0,17.0,0%,0.00,0%
Michael Johnson,2025-08-04,N/A,N/A,N/A,0,0,101 (7%),0,8.0,0%,0.00,0%
Michael Morales,2025-08-04,N/A,N/A,N/A,0,0,25 (6%),0,,0%,0.00,0%
Michael Page,2025-08-04,N/A,N/A,N/A,0,0,8 (6%),0,,0%,0.00,0%
Michal Oleksiejczuk,2025-08-04,N/A,N/A,N/A,0,0,24 (5%),0,2.0,0%,0.00,0%
Michel Pereira,2025-08-04,N/A,N/A,N/A,0,0,73 (11%),0,,0%,0.00,0%
Mickey Gall,2025-08-04,N/A,N/A,N/A,0,0,41 (11%),0,4.0,0%,0.00,0%
Mick Parkin,2025-08-04,N/A,N/A,N/A,0,0,13 (4%),0,,0%,0.00,0%
Miesha Tate,2025-08-04,N/A,N/A,N/A,0,0,126 (17%),0,14.0,0%,0.00,0%
Mike Davis,2025-08-04,N/A,N/A,N/A,0,0,0 (0 %),0,,0%,0.00,0%
Mike Malott,2025-08-04,N/A,N/A,N/A,0,0,11 (4%),0,,0%,0.00,0%
Miles Johns,2025-08-04,N/A,N/A,N/A,0,0,27 (6%),0,1.0,0%,0.00,0%
Miranda Maverick,2025-08-04,N/A,N/A,N/A,0,0,31 (6%),0,8.0,0%,0.00,0%
Mitch Ramirez,2025-08-04,N/A,N/A,N/A,0,0,9 (10%),0,,0%,0.00,0%
Mitch Raposo,2025-08-04,N/A,N/A,N/A,0,0,1 (2%),0,1.0,0%,0.00,0%
Modestas Bukauskas,2025-08-04,N/A,N/A,N/A,0,0,31 (10%),0,,0%,0.00,0%
Mohammad Yahya,2025-08-04,N/A,N/A,N/A,0,0,2 (2%),0,1.0,0%,0.00,0%
Mohammed Usman,2025-08-04,N/A,N/A,N/A,0,0,6 (2%),0,,0%,0.00,0%
Montel Jackson,2025-08-04,N/A,N/A,N/A,0,0,104 (26%),0,2.0,0%,0.00,0%
Montserrat Conejo Ruiz ufc,2025-08-04,N/A,N/A,N/A,0,0,,0,,0%,0.00,0%
Montserrat Rendon,2025-08-04,N/A,N/A,N/A,0,0,1 (1%),0,3.0,0%,0.00,0%
Morgan Charriere,2025-08-04,N/A,N/A,N/A,0,0,12 (6%),0,,0%,0.00,0%
Movsar Evloev,2025-08-04,N/A,N/A,N/A,0,0,49 (9%),0,5.0,0%,0.00,0%
Mridul Saikia ufc,2025-08-04,N/A,N/A,N/A,0,0,,0,,0%,0.00,0%
Muhammad Naimov,2025-08-04,N/A,N/A,N/A,0,0,41 (20%),0,,0%,0.00,0%
Muin Gafurov,2025-08-04,N/A,N/A,N/A,0,0,28 (16%),0,,0%,0.00,0%
Muslim Salikhov,2025-08-04,N/A,N/A,N/A,0,0,28 (7%),0,,0%,0.00,0%
Myktybek Orolbai,2025-08-04,N/A,N/A,N/A,0,0,0 (0%),0,,0%,0.00,0%
Namsrai Batbayar ufc,2025-08-04,N/A,N/A,N/A,0,0,,0,,0%,0.00,0%
Nasrat Haqparast,2025-08-04,N/A,N/A,N/A,0,0,61 (5%),0,1.0,0%,0.00,0%
Nassourdine Imavov,2025-08-04,N/A,N/A,N/A,0,0,117 (17%),0,2.0,0%,0.00,0%
Natalia Silva,2025-08-04,N/A,N/A,N/A,0,0,12 (3%),0,2.0,0%,0.00,0%
Nate Landwehr,2025-08-04,N/A,N/A,N/A,0,0,111 (20%),0,,0%,0.00,0%
Nathaniel Wood,2025-08-04,N/A,N/A,N/A,0,0,51 (6%),0,,0%,0.00,0%
Nathan Fletcher,2025-08-04,N/A,N/A,N/A,0,0,33 (45%),0,4.0,0%,0.00,0%
Navajo Stirling,2025-08-04,N/A,N/A,N/A,0,0,14 (6%),0,,0%,0.00,0%
Nazim Sadykhov,2025-08-04,N/A,N/A,N/A,0,0,60 (19%),0,1.0,0%,0.00,0%
Neemias Santana ufc,2025-08-04,N/A,N/A,N/A,0,0,,0,,0%,0.00,0%
Neil Magny,2025-08-04,N/A,N/A,N/A,0,0,265 (19%),0,41.0,0%,0.00,0%
Nick Diaz,2025-08-04,N/A,N/A,N/A,0,0,353 (19%),0,14.0,0%,0.00,0%
Nick Klein,2025-08-04,N/A,N/A,N/A,0,0,2 (7%),0,1.0,0%,0.00,0%
Nicolae Negumereanu,2025-08-04,N/A,N/A,N/A,0,0,49 (23%),0,,0%,0.00,0%
Nicolas Dalby,2025-08-04,N/A,N/A,N/A,0,0,223 (30%),0,8.0,0%,0.00,0%
Nicolle Caliari,2025-08-04,N/A,N/A,N/A,0,0,7 (6%),0,3.0,0%,0.00,0%
Nikita Krylov,2025-08-04,N/A,N/A,N/A,0,0,145 (26%),0,1.0,0%,0.00,0%
Nikolas Motta,2025-08-04,N/A,N/A,N/A,0,0,14 (5%),0,,0%,0.00,0%
Nikolay Veretennikov,2025-08-04,N/A,N/A,N/A,0,0,24 (15%),0,,0%,0.00,0%
Niko Price,2025-08-04,N/A,N/A,N/A,0,0,93 (11%),0,4.0,0%,0.00,0%
Nora Cornolle,2025-08-04,N/A,N/A,N/A,0,0,54 (39%),0,,0%,0.00,0%
Norma Dumont,2025-08-04,N/A,N/A,N/A,0,0,78 (14%),0,5.0,0%,0.00,0%
Nursulton Ruziboev,2025-08-04,N/A,N/A,N/A,0,0,8 (8%),0,1.0,0%,0.00,0%
Nurullo Aliev,2025-08-04,N/A,N/A,N/A,0,0,1 (1%),0,3.0,0%,0.00,0%
Nyamjargal Tumendemberel,2025-08-04,N/A,N/A,N/A,0,0,7 (7%),0,,0%,0.00,0%
Oban Elliott,2025-08-04,N/A,N/A,N/A,0,0,11 (4%),0,3.0,0%,0.00,0%
Ode Osbourne,2025-08-04,N/A,N/A,N/A,0,0,10 (4%),0,,0%,0.00,0%
Ottman Azaitar,2025-08-04,N/A,N/A,N/A,0,0,17 (20%),0,,0%,0.00,0%
Oumar Sy,2025-08-04,N/A,N/A,N/A,0,0,12 (10%),0,2.0,0%,0.00,0%
Ozzy Diaz,2025-08-04,N/A,N/A,N/A,0,0,5 (3%),0,,0%,0.00,0%
Paddy Pimblett,2025-08-04,N/A,N/A,N/A,0,0,21 (6%),0,,0%,0.00,0%
Patchy Mix ufc,2025-08-04,N/A,N/A,N/A,0,0,,0,,0%,0.00,0%
Patricio Pitbull,2025-08-04,N/A,N/A,N/A,0,0,60 (28%),0,1.0,0%,0.00,0%
Pat Sabatini,2025-08-04,N/A,N/A,N/A,0,0,12 (9%),0,6.0,0%,0.00,0%
Paulo Costa,2025-08-04,N/A,N/A,N/A,0,0,43 (5%),0,,0%,0.00,0%
Paul Craig,2025-08-04,N/A,N/A,N/A,0,0,56 (13%),0,3.0,0%,0.00,0%
Payton Talbott,2025-08-04,N/A,N/A,N/A,0,0,23 (6%),0,,0%,0.00,0%
Pedro Munhoz,2025-08-04,N/A,N/A,N/A,0,0,57 (4%),0,7.0,0%,0.00,0%
Pete Rodriguez,2025-08-04,N/A,N/A,N/A,0,0,6 (13%),0,,0%,0.00,0%
Petr Yan,2025-08-04,N/A,N/A,N/A,0,0,158 (12%),0,,0%,0.00,0%
Phil Rowe,2025-08-04,N/A,N/A,N/A,0,0,41 (10%),0,2.0,0%,0.00,0%
Piera Rodriguez,2025-08-04,N/A,N/A,N/A,0,0,80 (30%),0,3.0,0%,0.00,0%
Polyana Viana,2025-08-04,N/A,N/A,N/A,0,0,18 (8%),0,2.0,0%,0.00,0%
Preston Parsons,2025-08-04,N/A,N/A,N/A,0,0,31 (13%),0,,0%,0.00,0%
Priscila Cachoeira,2025-08-04,N/A,N/A,N/A,0,0,42 (10%),0,,0%,0.00,0%
Puja Tomar,2025-08-04,N/A,N/A,N/A,0,0,3 (2%),0,,0%,0.00,0%
Punahele Soriano,2025-08-04,N/A,N/A,N/A,0,0,27 (6%),0,,0%,0.00,0%
Quang Le,2025-08-04,N/A,N/A,N/A,0,0,5 (6%),0,2.0,0%,0.00,0%
Quillan Salkilld,2025-08-04,N/A,N/A,N/A,0,0,25 (15%),0,,0%,0.00,0%
Radley Da Silva ufc,2025-08-04,N/A,N/A,N/A,0,0,,0,,0%,0.00,0%
Rafael Cerqueira,2025-08-04,N/A,N/A,N/A,0,0,0 (0%),0,,0%,0.00,0%
Rafael Dos Anjos,2025-08-04,N/A,N/A,N/A,0,0,321 (18%),0,45.0,0%,0.00,0%
Rafael Estevam,2025-08-04,N/A,N/A,N/A,0,0,4 (5%),0,3.0,0%,0.00,0%
Rafael Fiziev,2025-08-04,N/A,N/A,N/A,0,0,69 (11%),0,,0%,0.00,0%
Rafa Garcia,2025-08-04,N/A,N/A,N/A,0,0,49 (10%),0,12.0,0%,0.00,0%
Ramazan Temirov,2025-08-04,N/A,N/A,N/A,0,0,9 (12%),0,,0%,0.00,0%
Ramiz Brahimaj,2025-08-04,N/A,N/A,N/A,0,0,17 (15%),0,4.0,0%,0.00,0%
Ramon Taveras,2025-08-04,N/A,N/A,N/A,0,0,3 (2%),0,,0%,0.00,0%
Random Page ufc,2025-08-04,N/A,N/A,N/A,0,0,,0,,0%,0.00,0%
Randy Brown,2025-08-04,N/A,N/A,N/A,0,0,142 (15%),0,5.0,0%,0.00,0%
Rani Yahya,2025-08-04,N/A,N/A,N/A,0,0,31 (6%),0,34.0,0%,0.00,0%
Raoni Barcelos,2025-08-04,N/A,N/A,N/A,0,0,55 (7%),0,3.0,0%,0.00,0%
Raquel Pennington,2025-08-04,N/A,N/A,N/A,0,0,358 (30%),0,11.0,0%,0.00,0%
Ravena Oliveira,2025-08-04,N/A,N/A,N/A,0,0,2 (13%),0,2.0,0%,0.00,0%
Rei Tsuruya,2025-08-04,N/A,N/A,N/A,0,0,4 (3%),0,3.0,0%,0.00,0%
Renato Moicano,2025-08-04,N/A,N/A,N/A,0,0,24 (3%),0,6.0,0%,0.00,0%
Ren Yawei ufc,2025-08-04,N/A,N/A,N/A,0,0,,0,,0%,0.00,0%
Ricardo Ramos,2025-08-04,N/A,N/A,N/A,0,0,33 (8%),0,4.0,0%,0.00,0%
Ricky Simon,2025-08-04,N/A,N/A,N/A,0,0,57 (10%),0,9.0,0%,0.00,0%
Ricky Turcios,2025-08-04,N/A,N/A,N/A,0,0,69 (18%),0,2.0,0%,0.00,0%
Rinat Fakhretdinov,2025-08-04,N/A,N/A,N/A,0,0,59 (16%),0,5.0,0%,0.00,0%
Rinya Nakamura,2025-08-04,N/A,N/A,N/A,0,0,7 (4%),0,,0%,0.00,0%
Rio Tirto ufc,2025-08-04,N/A,N/A,N/A,0,0,,0,,0%,0.00,0%
Rizvan Kuniev,2025-08-04,N/A,N/A,N/A,0,0,26 (19%),0,,0%,0.00,0%
Roberto Romero,2025-08-04,N/A,N/A,N/A,0,0,11 (10%),0,,0%,0.00,0%
Robert Bryczek,2025-08-04,N/A,N/A,N/A,0,0,2 (6%),0,,0%,0.00,0%
Robert Valentin ufc,2025-08-04,N/A,N/A,N/A,0,0,,0,,0%,0.00,0%
Robert Whittaker,2025-08-04,N/A,N/A,N/A,0,0,97 (7%),0,4.0,0%,0.00,0%
Rob Font,2025-08-04,N/A,N/A,N/A,0,0,93 (7%),0,5.0,0%,0.00,0%
Rodolfo Bellato,2025-08-04,N/A,N/A,N/A,0,0,61 (22%),0,1.0,0%,0.00,0%
Rodolfo Vieira,2025-08-04,N/A,N/A,N/A,0,0,13 (5%),0,3.0,0%,0.00,0%
Rolando Bedoya,2025-08-04,N/A,N/A,N/A,0,0,24 (7%),0,,0%,0.00,0%
Roman Dolidze,2025-08-04,N/A,N/A,N/A,0,0,32 (6%),0,9.0,0%,0.00,0%
Roman Kopylov,2025-08-04,N/A,N/A,N/A,0,0,21 (4%),0,,0%,0.00,0%
Ronaldo Rodriguez ufc,2025-08-04,N/A,N/A,N/A,0,0,,0,,0%,0.00,0%
Rose Namajunas,2025-08-04,N/A,N/A,N/A,0,0,71 (7%),0,16.0,0%,0.00,0%
Rui Imura ufc,2025-08-04,N/A,N/A,N/A,0,0,,0,,0%,0.00,0%
Ryan Hall,2025-08-04,N/A,N/A,N/A,0,0,3 (2%),0,1.0,0%,0.00,0%
Ryan Loder,2025-08-04,N/A,N/A,N/A,0,0,7 (13%),0,1.0,0%,0.00,0%
Ryan Spann,2025-08-04,N/A,N/A,N/A,0,0,22 (7%),0,,0%,0.00,0%
Said Nurmagomedov,2025-08-04,N/A,N/A,N/A,0,0,46 (14%),0,1.0,0%,0.00,0%
Saimon Oliveira,2025-08-04,N/A,N/A,N/A,0,0,13 (12%),0,,0%,0.00,0%
Sam Hughes,2025-08-04,N/A,N/A,N/A,0,0,63 (10%),0,,0%,0.00,0%
Sam Patterson,2025-08-04,N/A,N/A,N/A,0,0,4 (7%),0,,0%,0.00,0%
Santiago Ponzinibbio,2025-08-04,N/A,N/A,N/A,0,0,20 (2%),0,4.0,0%,0.00,0%
Sean Brady,2025-08-04,N/A,N/A,N/A,0,0,24 (5%),0,2.0,0%,0.00,0%
Sean Sharaf,2025-08-04,N/A,N/A,N/A,0,0,1 (2%),0,1.0,0%,0.00,0%
Sean Strickland,2025-08-04,N/A,N/A,N/A,0,0,75 (3%),0,11.0,0%,0.00,0%
Sean Woodson,2025-08-04,N/A,N/A,N/A,0,0,41 (6%),0,,0%,0.00,0%
Sebastian Szalay ufc,2025-08-04,N/A,N/A,N/A,0,0,,0,,0%,0.00,0%
Sedriques Dumas,2025-08-04,N/A,N/A,N/A,0,0,3 (2%),0,,0%,0.00,0%
Seokhyeon Ko,2025-08-04,N/A,N/A,N/A,0,0,6 (7%),0,6.0,0%,0.00,0%
Sergei Pavlovich,2025-08-04,N/A,N/A,N/A,0,0,18 (8%),0,,0%,0.00,0%
Serghei Spivac,2025-08-04,N/A,N/A,N/A,0,0,17 (4%),0,,0%,0.00,0%
Serhiy Sidey,2025-08-04,N/A,N/A,N/A,0,0,19 (9%),0,,0%,0.00,0%
Shamil Gaziev,2025-08-04,N/A,N/A,N/A,0,0,25 (21%),0,,0%,0.00,0%
Shara Magomedov,2025-08-04,N/A,N/A,N/A,0,0,72 (15%),0,,0%,0.00,0%
Shauna Bannon,2025-08-04,N/A,N/A,N/A,0,0,10 (5%),0,,0%,0.00,0%
Shavkat Rakhmonov,2025-08-04,N/A,N/A,N/A,0,0,59 (24%),0,2.0,0%,0.00,0%
Shayilan Nuerdanbieke,2025-08-04,N/A,N/A,N/A,0,0,9 (7%),0,6.0,0%,0.00,0%
Sheldon Westcott,2025-08-04,N/A,N/A,N/A,0,0,20 (32%),0,6.0,0%,0.00,0%
Ming Shi,2025-08-04,N/A,N/A,N/A,0,0,11 (8%),0,1.0,0%,0.00,0%
Shogo Sato ufc,2025-08-04,N/A,N/A,N/A,0,0,,0,,0%,0.00,0%
Sodiq Yusuff,2025-08-04,N/A,N/A,N/A,0,0,73 (11%),0,,0%,0.00,0%
Song Kenan,2025-08-04,N/A,N/A,N/A,0,0,56 (12%),0,,0%,0.00,0%
Song Yadong,2025-08-04,N/A,N/A,N/A,0,0,56 (6%),0,1.0,0%,0.00,0%
Stephanie Luciano ufc,2025-08-04,N/A,N/A,N/A,0,0,,0,,0%,0.00,0%
Stephen Thompson,2025-08-04,N/A,N/A,N/A,0,0,88 (7%),0,5.0,0%,0.00,0%
Steven Koslow,2025-08-04,N/A,N/A,N/A,0,0,1 (9%),0,5.0,0%,0.00,0%
Steven Nguyen,2025-08-04,N/A,N/A,N/A,0,0,10 (2%),0,1.0,0%,0.00,0%
Steve Erceg,2025-08-04,N/A,N/A,N/A,0,0,41 (10%),0,3.0,0%,0.00,0%
Steve Garcia,2025-08-04,N/A,N/A,N/A,0,0,39 (11%),0,4.0,0%,0.00,0%
Stewart Nicoll,2025-08-04,N/A,N/A,N/A,0,0,0 (0%),0,1.0,0%,0.00,0%
Tabatha Ricci,2025-08-04,N/A,N/A,N/A,0,0,35 (7%),0,5.0,0%,0.00,0%
Tagir Ulanbekov,2025-08-04,N/A,N/A,N/A,0,0,42 (14%),0,11.0,0%,0.00,0%
Tainara Lisboa,2025-08-04,N/A,N/A,N/A,0,0,22 (33%),0,1.0,0%,0.00,0%
Tai Tuivasa,2025-08-04,N/A,N/A,N/A,0,0,104 (24%),0,,0%,0.00,0%
Talita Alencar,2025-08-04,N/A,N/A,N/A,0,0,17 (11%),0,1.0,0%,0.00,0%
Tallison Teixeira,2025-08-04,N/A,N/A,N/A,0,0,4 (10%),0,,0%,0.00,0%
Tatiana Suarez,2025-08-04,N/A,N/A,N/A,0,0,35 (12%),0,18.0,0%,0.00,0%
Tatsuro Taira,2025-08-04,N/A,N/A,N/A,0,0,8 (3%),0,1.0,0%,0.00,0%
Tecia Pennington,2025-08-04,N/A,N/A,N/A,0,0,148 (12%),0,7.0,0%,0.00,0%
Tereza Bleda,2025-08-04,N/A,N/A,N/A,0,0,12 (10%),0,1.0,0%,0.00,0%
Themba Gorimbo,2025-08-04,N/A,N/A,N/A,0,0,53 (32%),0,2.0,0%,0.00,0%
Thiago Moisés,2025-08-04,N/A,N/A,N/A,0,0,26 (6%),0,,0%,0.00,0%
Thomas Petersen,2025-08-04,N/A,N/A,N/A,0,0,11 (5%),0,1.0,0%,0.00,0%
Timmy Cuamba ufc,2025-08-04,N/A,N/A,N/A,0,0,,0,,0%,0.00,0%
Tim Elliott,2025-08-04,N/A,N/A,N/A,0,0,152 (18%),0,36.0,0%,0.00,0%
Tim Means,2025-08-04,N/A,N/A,N/A,0,0,202 (14%),0,8.0,0%,0.00,0%
Ti Haitao ufc,2025-08-04,N/A,N/A,N/A,0,0,,0,,0%,0.00,0%
Tofiq Musayev,2025-08-04,N/A,N/A,N/A,0,0,0 (0%),0,,0%,0.00,0%
Tom Aspinall,2025-08-04,N/A,N/A,N/A,0,0,17 (11%),0,2.0,0%,0.00,0%
Tom Nolan,2025-08-04,N/A,N/A,N/A,0,0,32 (15%),0,,0%,0.00,0%
Torrez Finney,2025-08-04,N/A,N/A,N/A,0,0,4 (5%),0,8.0,0%,0.00,0%
Toshiomi Kazama,2025-08-04,N/A,N/A,N/A,0,0,11 (24%),0,,0%,0.00,0%
Tracy Cortez,2025-08-04,N/A,N/A,N/A,0,0,51 (10%),0,,0%,0.00,0%
Tresean Gore,2025-08-04,N/A,N/A,N/A,0,0,14 (15%),0,2.0,0%,0.00,0%
Trevin Giles,2025-08-04,N/A,N/A,N/A,0,0,32 (7%),0,5.0,0%,0.00,0%
Trevor Peek,2025-08-04,N/A,N/A,N/A,0,0,56 (18%),0,,0%,0.00,0%
Trey Ogden,2025-08-04,N/A,N/A,N/A,0,0,18 (5%),0,1.0,0%,0.00,0%
Trey Waters,2025-08-04,N/A,N/A,N/A,0,0,3 (1%),0,1.0,0%,0.00,0%
Tuco Tokkos,2025-08-04,N/A,N/A,N/A,0,0,5 (7%),0,,0%,0.00,0%
Ty Miller ufc,2025-08-04,N/A,N/A,N/A,0,0,,0,,0%,0.00,0%
Umar Nurmagomedov,2025-08-04,N/A,N/A,N/A,0,0,25 (6%),0,6.0,0%,0.00,0%
Uran Satybaldiev,2025-08-04,N/A,N/A,N/A,0,0,4 (11%),0,,0%,0.00,0%
Uroš Medić,2025-08-04,N/A,N/A,N/A,0,0,27 (12%),0,,0%,0.00,0%
Vagner Rocha,2025-08-04,N/A,N/A,N/A,0,0,1 (1%),0,3.0,0%,0.00,0%
Valentina Shevchenko,2025-08-04,N/A,N/A,N/A,0,0,96 (9%),0,12.0,0%,0.00,0%
Valter Walker,2025-08-04,N/A,N/A,N/A,0,0,5 (12%),0,4.0,0%,0.00,0%
Vanessa Demopoulos,2025-08-04,N/A,N/A,N/A,0,0,63 (13%),0,,0%,0.00,0%
Veronica Hardy,2025-08-04,N/A,N/A,N/A,0,0,44 (13%),0,1.0,0%,0.00,0%
Viacheslav Borshchev,2025-08-04,N/A,N/A,N/A,0,0,26 (5%),0,,0%,0.00,0%
Vicente Luque,2025-08-04,N/A,N/A,N/A,0,0,62 (6%),0,6.0,0%,0.00,0%
Victor Henry,2025-08-04,N/A,N/A,N/A,0,0,82 (13%),0,,0%,0.00,0%
Victor Martinez,2025-08-04,N/A,N/A,N/A,0,0,7 (4%),0,,0%,0.00,0%
Vince Morales,2025-08-04,N/A,N/A,N/A,0,0,40 (7%),0,,0%,0.00,0%
Vinicius Oliveira,2025-08-04,N/A,N/A,N/A,0,0,11 (3%),0,2.0,0%,0.00,0%
Virna Jandiroba,2025-08-04,N/A,N/A,N/A,0,0,31 (12%),0,3.0,0%,0.00,0%
Vitor Petrino,2025-08-04,N/A,N/A,N/A,0,0,3 (1%),0,7.0,0%,0.00,0%
Viviane Araújo,2025-08-04,N/A,N/A,N/A,0,0,17 (2%),0,5.0,0%,0.00,0%
Volkan Oezdemir,2025-08-04,N/A,N/A,N/A,0,0,88 (12%),0,,0%,0.00,0%
Wang Cong,2025-08-04,N/A,N/A,N/A,0,0,13 (4%),0,,0%,0.00,0%
Wataru Yamauchi ufc,2025-08-04,N/A,N/A,N/A,0,0,,0,,0%,0.00,0%
Weight Classes ufc,2025-08-04,N/A,N/A,N/A,0,0,,0,,0%,0.00,0%
Wellington Turman,2025-08-04,N/A,N/A,N/A,0,0,51 (16%),0,4.0,0%,0.00,0%
Westin Wilson,2025-08-04,N/A,N/A,N/A,0,0,1 (7%),0,,0%,0.00,0%
William Gomis,2025-08-04,N/A,N/A,N/A,0,0,31 (12%),0,3.0,0%,0.00,0%
Xiao Long,2025-08-04,N/A,N/A,N/A,0,0,95 (25%),0,2.0,0%,0.00,0%
Yair Rodriguez,2025-08-04,N/A,N/A,N/A,0,0,64 (7%),0,8.0,0%,0.00,0%
Yanal Ashmouz,2025-08-04,N/A,N/A,N/A,0,0,33 (25%),0,1.0,0%,0.00,0%
Yana Santos,2025-08-04,N/A,N/A,N/A,0,0,225 (37%),0,1.0,0%,0.00,0%
Yan Xiaonan,2025-08-04,N/A,N/A,N/A,0,0,69 (8%),0,,0%,0.00,0%
Yazmin Jauregui,2025-08-04,N/A,N/A,N/A,0,0,27 (10%),0,,0%,0.00,0%
Youssef Zalal,2025-08-04,N/A,N/A,N/A,0,0,25 (6%),0,6.0,0%,0.00,0%
Yuneisy Duben,2025-08-04,N/A,N/A,N/A,0,0,4 (10%),0,,0%,0.00,0%
Yusaku Kinoshita,2025-08-04,N/A,N/A,N/A,0,0,0 (0%),0,,0%,0.00,0%
Zachary Reese,2025-08-04,N/A,N/A,N/A,0,0,11 (7%),0,,0%,0.00,0%
Zhang Mingyang,2025-08-04,N/A,N/A,N/A,0,0,3 (2%),0,,0%,0.00,0%
Zhang Qinghe ufc,2025-08-04,N/A,N/A,N/A,0,0,,0,,0%,0.00,0%
Zhang Weili,2025-08-04,N/A,N/A,N/A,0,0,75 (8%),0,1.0,0%,0.00,0%
Adilet Nurmatov,2025-08-04,N/A,N/A,N/A,0,0,,0,,0%,0.00,0%
Ahejiang Ailinuer,2025-08-04,N/A,N/A,N/A,0,0,,0,,0%,0.00,0%
Aleksandar Rakić,2025-08-04,N/A,N/A,N/A,0,0,46 (10%),0,3.0,0%,0.00,0%
Arisa Matsuda,2025-08-04,N/A,N/A,N/A,0,0,,0,,0%,0.00,0%
Asu Almabayev,2025-08-04,N/A,N/A,N/A,0,0,,0,,0%,0.00,0%
Aziz Khaydarov,2025-08-04,N/A,N/A,N/A,0,0,,0,,0%,0.00,0%
Benoît Saint Denis,2025-08-04,N/A,N/A,N/A,0,0,72 (20%),0,2.0,0%,0.00,0%
Billy Ray Goff,2025-08-04,N/A,N/A,N/A,0,0,,0,,0%,0.00,0%
Cristian Quiñonez,2025-08-04,N/A,N/A,N/A,0,0,9 (7%),0,,0%,0.00,0%
Current Roster,2025-08-04,N/A,N/A,N/A,0,0,,0,,0%,0.00,0%
Daichi Kamiya,2025-08-04,N/A,N/A,N/A,0,0,,0,,0%,0.00,0%
Damian Pinas,2025-08-04,N/A,N/A,N/A,0,0,,0,,0%,0.00,0%
Damir Hadžović,2025-08-04,N/A,N/A,N/A,0,0,35 (11%),0,,0%,0.00,0%
Deni Daffa,2025-08-04,N/A,N/A,N/A,0,0,,0,,0%,0.00,0%
Dominic Mar Fan,2025-08-04,N/A,N/A,N/A,0,0,,0,,0%,0.00,0%
Duško Todorović,2025-08-04,N/A,N/A,N/A,0,0,131 (34%),0,2.0,0%,0.00,0%
Ernesta Kareckaitė,2025-08-04,N/A,N/A,N/A,0,0,45 (14%),0,1.0,0%,0.00,0%
Farès Ziam,2025-08-04,N/A,N/A,N/A,0,0,42 (12%),0,,0%,0.00,0%
Former Roster,2025-08-04,N/A,N/A,N/A,0,0,,0,,0%,0.00,0%
George Mangos,2025-08-04,N/A,N/A,N/A,0,0,,0,,0%,0.00,0%
Ian Machado Garry,2025-08-04,N/A,N/A,N/A,0,0,,0,,0%,0.00,0%
Ilian Bouafia,2025-08-04,N/A,N/A,N/A,0,0,,0,,0%,0.00,0%
Jack Becker,2025-08-04,N/A,N/A,N/A,0,0,,0,,0%,0.00,0%
Jan Błachowicz,2025-08-04,N/A,N/A,N/A,0,0,105 (11%),0,12.0,0%,0.00,0%
Jéssica Andrade,2025-08-04,N/A,N/A,N/A,0,0,305 (18%),0,33.0,0%,0.00,0%
Jimmy Drago,2025-08-04,N/A,N/A,N/A,0,0,,0,,0%,0.00,0%
Jin Aoi,2025-08-04,N/A,N/A,N/A,0,0,,0,,0%,0.00,0%
Jiří Procházka,2025-08-04,N/A,N/A,N/A,0,0,29 (7%),0,1.0,0%,0.00,0%
Joel Álvarez,2025-08-04,N/A,N/A,N/A,0,0,44 (15%),0,,0%,0.00,0%
Jose Miguel Delgado,2025-08-04,N/A,N/A,N/A,0,0,9 (13%),0,,0%,0.00,0%
Julianna Peña,2025-08-04,N/A,N/A,N/A,0,0,65 (13%),0,9.0,0%,0.00,0%
Kai Yoshida,2025-08-04,N/A,N/A,N/A,0,0,,0,,0%,0.00,0%
Kauê Fernandes,2025-08-04,N/A,N/A,N/A,0,0,0 (0%),0,,0%,0.00,0%
Keiichiro Nakamura,2025-08-04,N/A,N/A,N/A,0,0,,0,,0%,0.00,0%
King Green,2025-08-04,N/A,N/A,N/A,0,0,,0,,0%,0.00,0%
Kiru Sahota,2025-08-04,N/A,N/A,N/A,0,0,,0,,0%,0.00,0%
Klaudia Syguła,2025-08-04,N/A,N/A,N/A,0,0,5 (4%),0,,0%,0.00,0%
Kuya Ito,2025-08-04,N/A,N/A,N/A,0,0,,0,,0%,0.00,0%
Lawrence Lui,2025-08-04,N/A,N/A,N/A,0,0,,0,,0%,0.00,0%
Light Heavyweight,2025-08-04,N/A,N/A,N/A,0,0,,0,,0%,0.00,0%
Mairon Santos,2025-08-04,N/A,N/A,N/A,0,0,,0,,0%,0.00,0%
Mandel Nallo,2025-08-04,N/A,N/A,N/A,0,0,,0,,0%,0.00,0%
Mansher Khera,2025-08-04,N/A,N/A,N/A,0,0,,0,,0%,0.00,0%
Mateusz Rębecki,2025-08-04,N/A,N/A,N/A,0,0,9 (3%),0,3.0,0%,0.00,0%
Montserrat Conejo Ruiz,2025-08-04,N/A,N/A,N/A,0,0,,0,,0%,0.00,0%
Mridul Saikia,2025-08-04,N/A,N/A,N/A,0,0,,0,,0%,0.00,0%
Namsrai Batbayar,2025-08-04,N/A,N/A,N/A,0,0,,0,,0%,0.00,0%
Neemias Santana,2025-08-04,N/A,N/A,N/A,0,0,,0,,0%,0.00,0%
Patchy Mix,2025-08-04,N/A,N/A,N/A,0,0,,0,,0%,0.00,0%
Patricio Pitbull,2025-08-04,N/A,N/A,N/A,0,0,60 (28%),0,1.0,0%,0.00,0%
Radley Da Silva,2025-08-04,N/A,N/A,N/A,0,0,,0,,0%,0.00,0%
Random Page,2025-08-04,N/A,N/A,N/A,0,0,,0,,0%,0.00,0%
Ren Yawei,2025-08-04,N/A,N/A,N/A,0,0,,0,,0%,0.00,0%
Rio Tirto,2025-08-04,N/A,N/A,N/A,0,0,,0,,0%,0.00,0%
Robert Valentin,2025-08-04,N/A,N/A,N/A,0,0,,0,,0%,0.00,0%
Ronaldo Rodriguez,2025-08-04,N/A,N/A,N/A,0,0,,0,,0%,0.00,0%
Rui Imura,2025-08-04,N/A,N/A,N/A,0,0,,0,,0%,0.00,0%
Sebastian Szalay,2025-08-04,N/A,N/A,N/A,0,0,,0,,0%,0.00,0%
Ming Shi,2025-08-04,N/A,N/A,N/A,0,0,11 (8%),0,1.0,0%,0.00,0%
Shogo Sato,2025-08-04,N/A,N/A,N/A,0,0,,0,,0%,0.00,0%
Stephanie Luciano,2025-08-04,N/A,N/A,N/A,0,0,,0,,0%,0.00,0%
Thiago Moisés,2025-08-04,N/A,N/A,N/A,0,0,26 (6%),0,,0%,0.00,0%
Ti Haitao,2025-08-04,N/A,N/A,N/A,0,0,,0,,0%,0.00,0%
Timmy Cuamba,2025-08-04,N/A,N/A,N/A,0,0,,0,,0%,0.00,0%
Ty Miller,2025-08-04,N/A,N/A,N/A,0,0,,0,,0%,0.00,0%
Uroš Medić,2025-08-04,N/A,N/A,N/A,0,0,27 (12%),0,,0%,0.00,0%
Viviane Araújo,2025-08-04,N/A,N/A,N/A,0,0,17 (2%),0,5.0,0%,0.00,0%
Wataru Yamauchi,2025-08-04,N/A,N/A,N/A,0,0,,0,,0%,0.00,0%
Weight Classes,2025-08-04,N/A,N/A,N/A,0,0,,0,,0%,0.00,0%
Zhang Qinghe,2025-08-04,N/A,N/A,N/A,0,0,,0,,0%,0.00,0%
